Autor	Texto
@AllOut33381908	#blackfriday #blackfridaysale #giftideaforher #giftideaforhim #cybermonday #TikTokmademebuyit  PLease Like and Share FUNNY COMMERCIAL!  Check out YOLO CREATIONS's video! #TikTok https://t.co/jmSqoE7dkc
@ClubicBonsPlans	@pCloudapp CASSE les prix pour le #BlackFriday ! Pack 3-en-1 (5 To + chiffrement + gestionnaire mdp) √† VIE pour 599‚Ç¨ au lieu de 1563‚Ç¨ !  S√©curit√© et stockage au top.  Offre limit√©e, foncez ! üöÄ #BonPlan üëâ https://t.co/dLtwstYKir https://t.co/5kA9uGJPxd
@AllOut33381908	#blackfriday #blackfridaysale #giftideaforher #giftideaforhim #cybermonday #TikTokmademebuyit  PLease Like and Share FUNNY COMMERCIAL!  Check out YOLO CREATIONS's video! #TikTok https://t.co/f020fFRF8a
@AllOut33381908	#blackfriday #blackfridaysale #giftideaforher #giftideaforhim #cybermonday #TikTokmademebuyit  PLease Like and Share FUNNY COMMERCIAL!  Check out YOLO CREATIONS's video! #TikTok https://t.co/vkfuaeq4TG
@AllOut33381908	#blackfriday #blackfridaysale #giftideaforher #giftideaforhim #cybermonday #TikTokmademebuyit  PLease Like and Share FUNNY COMMERCIAL!  Check out YOLO CREATIONS's video! #TikTok https://t.co/cAkaDfRqpd
@AllOut33381908	#blackfriday #blackfridaysale #giftideaforher #giftideaforhim #cybermonday #TikTokmademebuyit  PLease Like and Share FUNNY COMMERCIAL!  Check out YOLO CREATIONS's video! #TikTok https://t.co/OjK94bP7gI
@Bonolo51673024	@TheFIXza @Mxolisi76107804   #BlackFriday
@AllOut33381908	#blackfriday #blackfridaysale #giftideaforher #giftideaforhim #cybermonday #TikTokmademebuyit  PLease Like and Share FUNNY COMMERCIAL!  https://t.co/r9h1ws6NQV
@c4m4rk	Is it just me, or are influencers flooding our feeds with 'self-care' products as Black Friday approaches? Has 'self-care' become just another excuse for overconsumption and consumerism? üò© What happened to genuine wellness? What do you think? #SelfCare #Consumerism #BlackFriday
@Shruzz2	#BlackFriday  #Giveaway All steps done dear team @pejeglobal Thank you for this amazing opportunity. Tag: @ChamriyaNabu @Sohida1011 @FaridaK48304224 https://t.co/4NwXVuH7yI
@kudisms	REMINDER!!!  The #KudiSMSWebinarSeries on how to maximize your Sales this #BlackFriday Season holds today.   We will share insightful strategies that will help you boost sales, acquire and retain customers during this Black Friday season.  Topic: Maximizing Black Friday Sales‚Ä¶ https://t.co/MuGyI2JKCK https://t.co/yvDoKXvSJa
@ModestFashion_	Let‚Äôs get ready with me üíÖ MOA010 #abaya #abayafashion #abayas #abayastyle #abayamurah #abayamodern #abayacollection #abayalovers #hijab #hijabi #hijabfashion #hijabinspiration #hijabootd #modestfashion #modesty #modestclothing #modest #blackfriday #fyp https://t.co/Cgg71be7Sj
@AudioPluginGuy	Black Friday Audio Plugin Deals are here! üñ§  üëâ https://t.co/q8WVseFiRi   üî• Updated as new deals are announced.  üî• Fast filtering by names and tags.   We've got all the Black Friday Plugin Deals covered!  #BlackFriday #PluginDeals
@DiamondDustshop	3023 /  BIG Promotion #11.11 #blackfriday #cybermonday !!! Smyoue Original 0.15cttw 1.2mm Moissanite Hoop Earrings for Women Double Round Wedding Bride S925 Sterling Silver Ear Jewelry  Purchase link: https://t.co/5Z0MiwxL1S  Make your order quickly or add https://t.co/2GJCrZNd6I
@QueenHMakofane	@TheFIXza @KaraboMakofane7  #BlackFriday  #BlackFriday  #BlackFriday
@QueenHMakofane	@TheFIXza @Tsebanglehong   #BlackFriday
@Avinash63913067	@pejeglobal Thanks  #BlackFriday  #Giveaway Tags  @inikavinash  @pinkaryan  @mswarnkar59  @NeelamNs007  @Manisha03428721  @Dream_girl_Nehu
@NewsMasonApp	#trends today for 'black friday' 'notre dame' &amp; 'assisted dying'   Click/Tap below:  https://t.co/Y3i0c78auZ  https://t.co/WbaWLANEQQ  https://t.co/HaMuiNKEF6  #blackfriday #notredame #assisteddying
@G668822	@TheFIXza #BlackFriday @ty_shay_ @vhutshilofabio1 @Miss_MeenaS @Prenisha14
@TopViewAI	POV: You just realized you can create a marketing video in minutes‚Äîno edits, no hassle. üòé üîóhttps://t.co/EtsqBhd1N0 #topview #AI #MemesAI  #AIpowered #aivideo #ecommerce #AITools #viral #BlackFriday https://t.co/DuoRpBnc7q
@NewsMasonApp	#trends today for 'black friday' 'wwe nxt' &amp; 'meme coin'   Click/Tap below:  https://t.co/Y3i0c78auZ  https://t.co/soqDwBb0DX  https://t.co/b7O0M6QUA3  #blackfriday #wwenxt #memecoin
@Shubhamsj22	@pejeglobal Thank you @pejeglobal for this giveaway  Wish to be lucky oneü§û  Tag @04prince143 @AnupamR38354900 @iAmNived  #BlackFriday  #Giveaway
@tasquane	@TheFIXza @SibiyaAudrey  #BlackFriday
@tasquane	@TheFIXza @Mkhathini_03  #BlackFriday
@theaure369	Link in bio. Get 50% off now: https://t.co/5pK2XCvCBa. #viral #fyp #trending #beauty #portablestriaghtener #buynow #shopnow #tiktokmademebuyit #theaure #blackfriday #christmas #christmasgift #thankgod #thanksgiving #hairstraightener https://t.co/sv34q09mYi
@metlasudha	Learn Asp Net C#, MySQL and JavaScript for web developers https://t.co/gs0tL9jYs2 #aspnet #mysql #programming #development #ai #courses #motivation #harisystems #udemy #udemycoupon #usa #uk #viral #usatoday #blackfriday https://t.co/aeIchPAaIb
@harisystems	Learn Asp Net C#, MySQL and JavaScript for web developers https://t.co/nIorWXrQFx #aspnet #mysql #programming #development #ai #courses #motivation #harisystems #udemy #udemycoupon #usa #uk #viral #usatoday #blackfriday https://t.co/IGgL3SofwB
@metlasudha	Web Applications for Everybody Specialization on Development https://t.co/HdvVQeFTB3 #code #python #web #programming #development #ai #courses #motivation #harisystems #udemy #udemycoupon #usa #uk #viral #trending #blackfriday https://t.co/b5MJha1Iy1
@harisystems	Web Applications for Everybody Specialization on Development https://t.co/CCwkBMuipE #code #python #web #programming #development #ai #courses #motivation #harisystems #udemy #udemycoupon #usa #uk #viral #trending #blackfriday https://t.co/DCfdfSCIrG
@MetropolSauna	üåà#blackfriday SPECIALüåà Heute @Metropol-Sauna: Hol Dir Deine 6er-Karte + genie√üe den Eintritt heute GRATIS! Mach aus 6 eineüå¥7er-Karteüå¥+ erlebe mehr hei√üe Stunden! Jetzt zugreifen: https://t.co/OZ1PI7MOEN  #gayfrankfurt #frankfurtgay #gayffm #gaysauna #ffmgay #fragay #gayfra https://t.co/CELucgqm9g
@metlasudha	Complete https://t.co/wUzvQymCuo Core MVC 6: A Project guide 2024 https://t.co/6czYje4Run #aspnet #core #mvc #programming #development #ai #courses #motivation #harisystems #udemy #udemycoupon #usa #uk #viral #trending #blackfriday https://t.co/OrMPaDyQqp
@harisystems	Complete https://t.co/l322Ho42PL Core MVC 6: A Project guide 2024 https://t.co/Ef0WvrM9x9 #aspnet #core #mvc #programming #development #ai #courses #motivation #harisystems #udemy #udemycoupon #usa #uk #viral #trending #blackfriday https://t.co/n7oEqoJsvk
@MonajBiswas7	@pejeglobal Superb @pejeglobal   Done all steps ‚úÖ #BlackFriday  #Giveaway Tag- @monufighter5  @Abarr84  @ankursharma247  @banerjee_05  @BHARGAV16053831
@metlasudha	Create RESTful APIs using PHP, POSTMAN and MySQL: Secure API https://t.co/aOkJKNM6FR #restful #webapi #api #programming #development #ai #courses #motivation #harisystems #udemy #udemycoupon #us #uk #viral #trending #blackfriday https://t.co/8TtdqHkybo
@harisystems	Create RESTful APIs using PHP, POSTMAN and MySQL: Secure API https://t.co/dtHYkAI5O4 #restful #webapi #api #programming #development #ai #courses #motivation #harisystems #udemy #udemycoupon #us #uk #viral #trending #blackfriday https://t.co/HyeEJnmOpr
@mmontamazing	Any dip on #BTC will be a ‚Äúblackfriday‚Äù sale. Don‚Äôt forget to buy it. #blackfriday
@metlasudha	Microsoft SQL Server Bootcamp 2024: Go from Zero to Hero https://t.co/xKizy1z4Le #sql #datascience #programming #development #ai #courses #motivation #harisystems #udemy #udemycoupon #usa #uk #viral #trending #blackfriday https://t.co/qfsNwpSW4W
@thrillerstan	Is it just me, or are influencers flooding our feeds with 'self-care' products as Black Friday approaches? Has 'self-care' become just another excuse for overconsumption and consumerism? üò© What happened to genuine wellness? What do you think? #SelfCare #Consumerism #BlackFriday
@harisystems	Microsoft SQL Server Bootcamp 2024: Go from Zero to Hero https://t.co/Ao5N5aQDQp #sql #datascience #programming #development #ai #courses #motivation #harisystems #udemy #udemycoupon #usa #uk #viral #trending #blackfriday https://t.co/WtTZYwtcoI
@eIhumanoinerte	üëÅÔ∏è‚Äçüó®Ô∏è | El Viernes Negro provocar√° un aumento en los contagios de gripe aviar en Estados Unidos. üêîü¶†   29 de Noviembre = 11:11   #BlackFriday #Birdflu #H5N1 #GripeAviar #influenza
